driverId,name,ssn,location,certified,wage-plan
10,Jason Brown,182-83-5988,"90746 Richard Village Griffinburgh, NV 01383",Y,miles
11,Paul Wong,603-81-3455,"397 Kenneth Wells Suite 661 Port Matthewborough, ID 45566",Y,miles
12,Jennifer Chavez,383-85-7121,"8114 Bryan Throughway Suite 189 South Andreamouth, NC 14309",Y,miles
13,Michelle Ramirez,068-11-9647,"9812 Juan Harbors Apt. 829 Bennettport, MA 86409",Y,miles
14,Frederick Lewis,028-38-6642,Unit 0103 Box 3358 DPO AE 75797,N,hours
15,Michael Anderson,592-79-1854,"11434 Kristy Meadows Hernandezfort, CO 22369",Y,miles
16,Pamela Daniels,094-41-1623,"1403 Avila Lakes West Kylestad, NE 21855",Y,hours
17,Sierra Young,887-44-6614,"01552 Peter Estates Wardborough, NH 35166",Y,hours
18,Joseph Cardenas,455-88-1465,"90987 Brian Underpass Martinezfurt, IA 03120",N,hours
19,Stephanie Johnson,799-92-8068,"49412 Brown Way Suite 412 North Shannonborough, DE 34422",N,miles
20,Rebecca White,138-38-8579,"45482 Johnston Expressway Hardyhaven, AR 69879",N,miles
21,Jennifer Welch,538-46-2528,"63331 Silva Ways Apt. 595 West Jonathanport, CT 80448",Y,hours
22,Jim Thompson,862-60-7077,"704 Jennifer Extensions Suite 115 North Anthony, WY 88347",N,miles
23,Marc Gordon,323-52-1688,"27713 Rodgers Courts East David, KS 78936",N,miles
24,Donna Martinez,134-20-9289,"204 Mary Corner Suite 672 Williamsmouth, VA 53836",Y,hours
25,Roy Burns,200-09-8924,"64562 Brandon Path West Danielle, MA 29028",Y,hours
26,Justin Scott,442-21-3155,"450 Richard Place North Teresaville, AR 12422",N,miles
27,Tonya Whitney,568-14-4548,"4292 Martin Plains Suite 695 Lake Jamestown, OH 72422",N,hours
28,Nicole Johnson,121-06-9429,"0207 Schmidt Glen Apt. 150 East Helenborough, MO 75162",Y,miles
29,Mark Sanders,045-79-8776,"1299 Jason Corners Rhondatown, MI 09318",N,miles
30,Jessica Thompson,775-92-5601,"3338 Mitchell Wall Suite 805 East Laurafort, FL 61195",Y,miles
31,Timothy Young,429-15-8345,"59384 Michael Village Timothyview, AR 18314",Y,hours
32,Martha Miller,248-23-2055,"185 Ball Skyway Apt. 929 Garciaton, IN 77343",Y,hours
33,Janice Henry,806-07-2453,USCGC Mckinney FPO AP 58393,N,hours
34,Tina Taylor,283-17-5670,"43264 Nathaniel Highway Apt. 013 Leeville, FM 95182",Y,hours
35,David Schroeder,046-68-6425,"01270 Aguirre Spur Apt. 450 Lake James, MS 49400",N,miles
36,Donald Gregory,735-37-9912,"11309 Robert Landing Suite 277 Daniellemouth, OH 88475",N,hours
37,Kendra Morales,773-23-3100,"4758 Thompson Springs Suite 516 Mcneilmouth, MS 00996",N,hours
38,Linda Martinez,789-57-1220,"098 Russell Points Suite 157 Jaredstad, CO 08031",N,hours
39,Joel Hess,492-34-8909,"5846 Brown Spur East Kevinborough, GA 25296",N,hours
40,Steven Khan,669-41-5646,"2188 Chelsey Underpass Suite 990 East Nicholaston, IL 83372",Y,hours
41,Amanda Wood,691-15-3083,"06412 Carla Villages Emilyshire, GA 51389",N,hours
42,Kristina Jackson,130-08-4807,USCGC Vega FPO AP 52403,N,miles
43,Christina Smith,413-61-1843,"88470 Perry Ways Suite 942 East Alicia, NC 15161",N,miles
44,Ryan Miller,662-61-9874,"2184 Scott Isle New Jerry, SD 12492",N,hours
45,Rhonda Walker,739-49-0353,"974 Perez Roads Morganton, MI 91000",Y,hours
46,Alicia Valencia,312-79-9442,"11084 Richard Groves Apt. 288 Davidfurt, GU 63593",Y,hours
47,Jessica Williams,648-02-3240,"767 Maria Ford Lake Melanie, WI 01556",Y,miles
48,Joe Rubio,803-03-3539,"82625 Terri Stravenue Apt. 082 Nathanchester, WV 14731",Y,hours
49,Hailey Osborne,849-37-5454,"9931 Lisa Mountains Sergiofort, VI 88868",N,miles
50,Bradley Snyder,155-36-2917,"284 Sara Gardens New Jennifer, NJ 50810",Y,miles
51,Megan Walker,863-90-8902,"382 Dylan Neck Suite 930 East Stevenborough, CT 08217",Y,hours
52,Sara Wells,249-44-0344,"886 Tammy Green Apt. 325 East Stephanieland, MT 88527",N,miles
53,Steven Blair,769-75-3486,Unit 7418 Box 0117 DPO AA 68345,Y,miles
54,Kimberly Moyer,400-25-3265,"1205 Jackson Ridges Apt. 624 West Edwintown, AZ 20796",Y,miles
55,Alexander Gonzalez,533-43-7247,"5450 Long Shore Johnborough, IA 42096",N,miles
56,Sherry Martinez,082-73-0817,Unit 1219 Box 3009 DPO AE 04233,Y,miles
57,Ashley Gardner,832-21-5975,"34820 Gonzalez Knolls Bethberg, CT 88085",N,miles
58,Christopher Smith,465-66-7268,"022 Osborne Landing Suite 230 Longshire, LA 71310",Y,hours
59,Jeffrey Jordan,524-94-2344,"26475 Turner Creek Taraside, GU 83143",Y,hours
60,Hector Johnson,858-37-1683,"3221 Mason Pine Apt. 899 North Jeffreystad, WA 33471",N,hours
61,James Abbott,140-45-0349,"30038 David Mall Apt. 845 Glenburgh, OH 98073",N,miles
62,Adriana Lee,878-77-0805,"0748 Jesse Bypass Rachelstad, NH 33754",N,hours
63,Wendy Young,807-04-2395,"682 Robert Gardens Apt. 499 Michaelfort, IN 62327",N,miles
64,Jose Shah,616-27-3272,"696 Peter Track Smithfort, ND 78462",N,miles
65,Mallory Boyle,057-63-9453,"696 Cody Views Murrayborough, CO 27649",N,hours
66,John Jacobs,023-41-2064,"6195 Kimberly Knoll Suite 973 East Traceymouth, HI 27615",Y,hours
67,Douglas Jackson,358-19-7191,"5979 John Prairie Josephville, CT 57298",N,miles
68,Erica Floyd,582-43-1848,"0217 Diaz Radial Port Joanna, AS 43857",N,hours
69,Faith Green,468-33-8241,"000 Bell Haven Jeffreyport, RI 03787",Y,hours
70,Jerry Williams,071-12-1168,"5546 Whitney Crossroad Suite 975 Lake Sandraport, SD 39784",Y,miles
71,Karen Ellis,159-47-6121,"334 Angela Harbor Port Ralph, KY 18077",Y,miles
72,Beth Lloyd,173-76-5869,"2818 White Well West Joshuaberg, ID 89494",Y,hours
73,Cameron Patterson,679-09-8955,"990 Mcdonald Bypass Cowanborough, FM 91804",N,hours
74,Jonathan Mccormick,865-71-8595,"8049 Crane Shores Suite 616 Laurenchester, OK 60730",Y,miles
75,Daniel Armstrong,738-81-1410,"5773 Meagan Inlet Suite 541 Huffmanport, DE 23744",Y,hours
76,Jessica Owen,314-14-1251,"531 Melinda Streets Suite 641 West Jessica, SD 69954",N,hours
77,Isaac Hood,199-28-6640,"9828 Kenneth Common Apt. 294 Lake Theresabury, CO 67135",N,miles
78,Ashley Carter,159-59-2644,"2196 Small Track Suite 978 Port Dwaynemouth, OK 85071",N,miles
79,Noah Quinn,368-73-0540,"41596 Belinda Estate Suite 791 Lake Nathanton, KY 81710",N,miles
80,Stephen Johnson,593-15-6734,"1494 Porter Views Danielhaven, DC 99204",Y,hours
81,Linda Hale,183-96-8517,"737 Page Stream Apt. 171 Davismouth, AZ 03267",N,miles
82,Victoria Wagner,409-24-2369,Unit 5995 Box 7856 DPO AP 38953,N,hours
83,Matthew Ramirez,304-64-2646,"9027 Edward Mountains Juanport, SD 20183",N,hours
84,Courtney Price,834-92-8432,"32974 Diana Walks Apt. 981 Clarkfurt, KS 05753",N,miles
85,Mark Hill,351-94-7241,"59922 Rosario Plains Apt. 984 Scotthaven, TN 19541",N,miles
86,Patricia Johnson,591-99-9761,"79913 Daniel Burg South Larrystad, DC 89717",N,hours
87,Janet Barber,215-89-0939,"3479 Lisa Neck Suite 037 Alexandrabury, VT 15872",N,hours
88,Christopher Cox,634-18-3023,"92507 Brown Way New Robert, FM 12138",N,miles
89,Patrick Johnson,413-37-9170,"8344 Watson Springs Apt. 568 South Jennifer, VA 20948",N,hours
90,Andrew Brown,427-98-4116,"571 Harvey Point East Barbaraborough, IN 23323",N,miles
91,Brittany Rhodes,382-23-3771,"623 Nicole Ridge Suite 925 South Christian, MO 66629",N,miles
92,Maria Howard,324-48-4755,"2752 Anderson Island Apt. 109 Patrickstad, MD 75862",N,hours
93,Stephen Choi,671-52-7725,"960 Craig Fort Apt. 578 South Phillip, PW 24945",N,hours
94,Erin Shaffer,538-27-2153,"147 Mejia Burg New Gregside, HI 42213",Y,hours
95,Caitlin Miller,209-73-4988,"083 Martin Neck Tonyaton, AZ 87448",Y,hours
96,David Johnson,826-69-3248,"299 Meyer Streets Castillofort, MI 29405",N,hours
97,Terri Cook,872-04-6865,Unit 0638 Box 2055 DPO AE 95474,Y,miles
98,Sandra Mcintyre,276-99-8258,"71969 Adrienne Bridge Apt. 080 Donaldsonshire, TX 51537",N,miles
99,Jeremy Bright,013-22-1799,"793 Matthew Unions Apt. 581 Simonfort, MH 35152",Y,miles
100,James Hutchinson,662-98-5403,"8785 Jim Mountains Mistymouth, UT 22271",Y,hours
101,Ana Klein,408-68-5475,"415 Buchanan Islands Jonesburgh, CT 96995",Y,hours
102,Joan Mckinney,585-45-2065,USNS Moore FPO AA 69698,N,hours
103,Jeffrey Contreras,678-02-5526,"PSC 7050, Box 6540 APO AE 80866",N,miles
104,Megan Armstrong,056-21-9141,"9063 Rodriguez Camp Suite 635 West Jasonborough, NM 93147",N,miles
105,Gerald Wagner,023-55-3546,"535 Troy Village Deniseburgh, PR 00699",N,hours
106,Janet Crawford,291-58-8732,"1558 Wilson Junction Apt. 594 New Tammy, AR 88012",Y,miles
107,Tyler Wong,145-74-6424,"489 Robert Skyway West Misty, MP 48944",N,hours
108,Brian Greene,536-74-5134,"006 Sanchez Brook Suite 885 Lake Lindamouth, NE 41474",N,miles
109,Douglas Greene,236-50-9461,"65988 Welch Valleys Apt. 486 Joelberg, FL 88843",N,miles
